mes,f1_score,n
2020-02,0.6173057199920831,98390
2020-03,0.6385945784350793,98261
2020-04,0.5610789240634636,96828
